,Close,Close,Close,Close,Close,Close,High,High,High,High,High,High,Low,Low,Low,Low,Low,Low,Open,Open,Open,Open,Open,Open,Volume,Volume,Volume,Volume,Volume,Volume
,AAPL,AMZN,FB,GOOG,MSFT,TSLA,AAPL,AMZN,FB,GOOG,MSFT,TSLA,AAPL,AMZN,FB,GOOG,MSFT,TSLA,AAPL,AMZN,FB,GOOG,MSFT,TSLA,AAPL,AMZN,FB,GOOG,MSFT,TSLA
Datetime,,,,,,,,,,,,,,,,,,,,,,,,,,,,,,
2021-05-03 09:30:00-04:00,132.06300354003906,3481.1201171875,327.3699951171875,2408.31494140625,253.22999572753906,703.52001953125,132.10000610351562,3481.1201171875,327.4049987792969,2408.31494140625,253.69000244140625,706.0,132.0,3480.510009765625,325.95001220703125,2408.31494140625,253.12010192871094,702.8900146484375,132.0,3480.510009765625,326.1700134277344,2408.31494140625,253.39999389648438,703.7999877929688,2325796.0,159044.0,501655.0,186922.0,720825.0,782656.0
2021-05-03 09:31:00-04:00,132.18499755859375,3473.14501953125,327.4200134277344,2407.239990234375,253.35000610351562,699.331787109375,132.2899932861328,3480.179931640625,327.87420654296875,2409.749755859375,253.47999572753906,703.9899291992188,131.99000549316406,3473.1298828125,327.32000732421875,2407.2099609375,253.22000122070312,699.27880859375,132.0601043701172,3480.14501953125,327.35931396484375,2407.699951171875,253.27999877929688,703.97998046875,477287.0,29909.0,107849.0,8401.0,73325.0,238385.0
2021-05-03 09:32:00-04:00,132.3300018310547,3466.675048828125,326.2850036621094,2403.0,253.22999572753906,698.7457275390625,132.41000366210938,3473.10009765625,327.45001220703125,2408.22998046875,253.5500030517578,701.5499877929688,132.16000366210938,3466.1298828125,326.20001220703125,2402.81005859375,253.1999969482422,698.5341186523438,132.1999969482422,3473.10009765625,327.4200134277344,2407.239990234375,253.3800048828125,699.5800170898438,385755.0,42088.0,84228.0,9382.0,110451.0,157032.0
2021-05-03 09:33:00-04:00,132.65499877929688,3464.010009765625,326.1499938964844,2399.2099609375,253.3800048828125,699.1599731445312,132.6699981689453,3466.580078125,326.3800048828125,2403.080078125,253.41000366210938,701.6699829101562,132.22000122070312,3464.010009765625,325.95001220703125,2397.5,253.0500030517578,698.5001220703125,132.3249969482422,3465.264892578125,326.2300109863281,2403.0,253.2220001220703,698.5001220703125,575256.0,31859.0,97771.0,17307.0,91097.0,167531.0
2021-05-03 09:34:00-04:00,132.6649932861328,3458.989990234375,325.1199951171875,2397.989990234375,253.13999938964844,699.7899780273438,132.74000549316406,3458.989990234375,325.7650146484375,2399.659912109375,253.16990661621094,700.2838745117188,132.55999755859375,3458.0,325.1199951171875,2397.409912109375,253.10000610351562,699.7899780273438,132.65499877929688,3458.0,325.75,2398.260009765625,253.125,700.25,476121.0,38649.0,105005.0,9873.0,57297.0,132644.0
2021-05-03 09:35:00-04:00,132.52000427246094,3454.46630859375,324.8999938964844,2397.0,252.5449981689453,698.8800048828125,132.66000366210938,3459.81005859375,325.0,2397.699951171875,253.0050048828125,699.06201171875,132.4199981689453,3452.10009765625,324.8999938964844,2397.0,252.47000122070312,697.7999877929688,132.66000366210938,3457.0,325.0,2397.699951171875,253.0,699.0,488635.0,35827.0,105872.0,16849.0,144866.0,192844.0
2021-05-03 09:36:00-04:00,132.7100067138672,3452.26318359375,324.760009765625,2397.0,252.30630493164062,697.719970703125,132.7100067138672,3456.0,324.8399963378906,2397.0,252.41000366210938,697.719970703125,132.43499755859375,3451.159912109375,324.3699951171875,2394.9951171875,252.2899932861328,696.530029296875,132.5,3456.0,324.75,2396.0,252.33999633789062,697.0,422220.0,25727.0,138486.0,6759.0,86158.0,180734.0
2021-05-03 09:37:00-04:00,132.52870178222656,3445.146728515625,324.3999938964844,2393.7099609375,252.0399932861328,696.4000244140625,132.77000427246094,3449.989990234375,324.75,2396.21875,252.0399932861328,697.0,132.52499389648438,3444.199951171875,324.3500061035156,2393.199951171875,252.02999877929688,695.9000244140625,132.75,3446.0,324.74261474609375,2396.21875,252.03909301757812,696.0,435936.0,55819.0,67892.0,6689.0,134967.0,141883.0
2021-05-03 09:38:00-04:00,132.4499969482422,3446.679931640625,324.3500061035156,2388.330078125,252.13999938964844,695.1701049804688,132.5198974609375,3446.679931640625,324.3699951171875,2388.330078125,252.13999938964844,696.3765869140625,132.4199981689453,3441.0,324.0,2384.5,251.81500244140625,695.1701049804688,132.49609375,3441.0,324.0,2385.0,252.02000427246094,696.0,372261.0,36401.0,107806.0,18119.0,70716.0,219823.0
2021-05-03 09:39:00-04:00,132.60009765625,3449.320068359375,324.0299987792969,2390.4599609375,252.13999938964844,696.3699951171875,132.64500427246094,3450.39990234375,324.6199951171875,2391.1298828125,252.17999267578125,696.52001953125,132.46499633789062,3448.3798828125,324.0,2388.090087890625,252.07000732421875,695.6903076171875,132.46499633789062,3450.25,324.4154052734375,2388.330078125,252.17999267578125,696.0,293006.0,30496.0,83318.0,6387.0,60662.0,126928.0
2021-05-03 09:40:00-04:00,132.60000610351562,3449.030029296875,324.2200012207031,2390.3798828125,252.22999572753906,696.47998046875,132.60000610351562,3450.544921875,324.2200012207031,2390.3798828125,252.22999572753906,696.5,132.5800018310547,3445.81494140625,323.75,2390.3798828125,251.85800170898438,696.0,132.58990478515625,3445.81494140625,324.0,2390.3798828125,252.0,696.0,259895.0,20834.0,91833.0,9560.0,79677.0,107693.0
2021-05-03 09:41:00-04:00,132.67999267578125,3449.03466796875,324.20001220703125,2394.669921875,252.33700561523438,696.9699096679688,132.6999969482422,3453.89990234375,324.4800109863281,2395.550048828125,252.4344024658203,697.5,132.64010620117188,3447.831298828125,324.0400085449219,2390.199951171875,252.25,695.989990234375,132.67999267578125,3449.93994140625,324.17999267578125,2390.199951171875,252.25,696.0,287365.0,21368.0,67126.0,5070.0,70764.0,140804.0
2021-05-03 09:42:00-04:00,132.80499267578125,3454.344970703125,324.5400085449219,2394.14990234375,252.39500427246094,695.7000122070312,132.84890747070312,3455.0,324.5400085449219,2395.02001953125,252.39500427246094,697.0661010742188,132.75,3449.840087890625,324.0199890136719,2393.219970703125,252.30039978027344,695.7000122070312,132.75,3451.18994140625,324.0400085449219,2394.25,252.33999633789062,696.875,389645.0,18229.0,55847.0,5100.0,55106.0,102441.0
2021-05-03 09:43:00-04:00,132.75999450683594,3452.955078125,324.2799987792969,2395.64990234375,252.46499633789062,693.6511840820312,132.8000030517578,3454.320068359375,324.57000732421875,2395.64990234375,252.49000549316406,695.8099975585938,132.74000549316406,3451.56005859375,324.2799987792969,2393.010009765625,252.3000030517578,693.60009765625,132.75,3453.75,324.5,2395.193115234375,252.42970275878906,694.5,199387.0,19104.0,66765.0,6238.0,52838.0,145849.0
2021-05-03 09:44:00-04:00,132.88999938964844,3449.4599609375,324.19000244140625,2397.530029296875,252.49000549316406,694.6801147460938,132.91000366210938,3450.342041015625,324.239990234375,2397.530029296875,252.63499450683594,694.780029296875,132.75,3447.52490234375,324.07000732421875,2395.75,252.4445037841797,693.5,132.75,3448.0,324.2300109863281,2395.75,252.46499633789062,693.5,286747.0,20529.0,36075.0,5941.0,57396.0,137612.0
2021-05-03 09:45:00-04:00,132.85169982910156,3443.0,324.4599914550781,2395.219970703125,252.3000030517578,692.7269897460938,132.85169982910156,3443.0,324.54998779296875,2396.43994140625,252.3249969482422,693.1099243164062,132.85169982910156,3443.0,324.19000244140625,2395.219970703125,252.27000427246094,692.2100219726562,132.85169982910156,3443.0,324.19000244140625,2396.43994140625,252.3249969482422,693.0,316262.0,21617.0,58654.0,7919.0,41099.0,175692.0
2021-05-03 09:46:00-04:00,132.6999969482422,3444.169921875,324.3299865722656,2394.14501953125,252.4698944091797,690.2849731445312,132.7949981689453,3444.89990234375,324.389404296875,2394.77001953125,252.5,692.0,132.63999938964844,3439.39990234375,324.0,2393.52001953125,252.44309997558594,690.219970703125,132.75,3440.0,324.0,2393.52001953125,252.5,692.0,310658.0,29649.0,66386.0,5137.0,105500.0,237279.0
2021-05-03 09:47:00-04:00,132.6699981689453,3444.27001953125,324.30999755859375,2393.85009765625,252.42999267578125,690.6099853515625,132.71499633789062,3446.4599609375,324.37420654296875,2394.169921875,252.47000122070312,691.39990234375,132.6300048828125,3444.27001953125,324.2901916503906,2392.125,252.35000610351562,689.260009765625,132.71499633789062,3445.875,324.3299865722656,2394.169921875,252.36000061035156,689.5,219416.0,17194.0,31359.0,4554.0,39557.0,212554.0
2021-05-03 09:48:00-04:00,132.9571075439453,3449.050048828125,324.25,2396.31005859375,252.55999755859375,692.1699829101562,132.9571075439453,3449.780029296875,324.260009765625,2397.110107421875,252.5998992919922,692.4000244140625,132.8800048828125,3449.02001953125,324.25,2394.3701171875,252.55499267578125,691.8699951171875,132.91419982910156,3449.780029296875,324.260009765625,2394.3701171875,252.57449340820312,692.0,332956.0,17532.0,31134.0,5570.0,60517.0,159742.0
2021-05-03 09:49:00-04:00,133.15989685058594,3448.969970703125,324.5400085449219,2397.719970703125,252.45989990234375,691.9083862304688,133.1999969482422,3450.6201171875,324.5400085449219,2398.284912109375,252.5500030517578,692.77001953125,133.0,3448.8798828125,324.44000244140625,2395.949951171875,252.44000244140625,691.5599975585938,133.0,3449.5,324.4700012207031,2395.949951171875,252.5,692.0,627103.0,16417.0,41404.0,5967.0,48039.0,108207.0
2021-05-03 09:50:00-04:00,133.1988983154297,3450.199951171875,324.92999267578125,2400.9287109375,252.5,693.5999755859375,133.2299041748047,3450.199951171875,324.92999267578125,2402.800048828125,252.52000427246094,693.9598999023438,133.0399932861328,3444.43994140625,324.510009765625,2397.534912109375,252.5,692.330078125,133.125,3449.02001953125,324.54998779296875,2398.360107421875,252.5,692.5,553084.0,23718.0,73495.0,7131.0,44507.0,190008.0
2021-05-03 09:51:00-04:00,133.13800048828125,3454.0029296875,325.489990234375,2402.8798828125,252.5,694.0166015625,133.1999969482422,3454.0029296875,325.510009765625,2402.97998046875,252.5399932861328,694.0166015625,133.10000610351562,3450.010009765625,324.9200134277344,2401.35009765625,252.47500610351562,693.7999877929688,133.1999969482422,3450.320068359375,324.9302978515625,2401.580078125,252.52000427246094,694.0,216835.0,17340.0,120967.0,7279.0,73565.0,158079.0
2021-05-03 09:52:00-04:00,133.1898956298828,3452.800048828125,325.70001220703125,2402.1298828125,252.6999969482422,694.280029296875,133.1999969482422,3455.3701171875,325.75,2402.8798828125,252.6999969482422,694.280029296875,133.08999633789062,3450.0,325.6000061035156,2400.656982421875,252.4600067138672,692.5,133.125,3453.75,325.75,2402.8798828125,252.5,692.5,217904.0,28575.0,115124.0,6562.0,55228.0,77997.0
2021-05-03 09:53:00-04:00,133.2700958251953,3455.669189453125,326.1600036621094,2402.0,252.78720092773438,693.5,133.3000030517578,3456.820068359375,326.2200012207031,2402.18994140625,252.82000732421875,694.6286010742188,133.1719970703125,3452.75,325.7200012207031,2401.718505859375,252.75,693.5,133.17999267578125,3452.75,325.75,2402.1298828125,252.75,694.0,339220.0,20344.0,116556.0,3320.0,47890.0,76413.0
2021-05-03 09:54:00-04:00,133.25010681152344,3457.18310546875,326.8299865722656,2401.68994140625,252.87179565429688,694.2799072265625,133.35000610351562,3458.449951171875,327.0799865722656,2404.0,252.94000244140625,695.3599853515625,133.24000549316406,3457.030029296875,326.4700012207031,2401.68994140625,252.83999633789062,694.0,133.33990478515625,3458.449951171875,326.5,2402.0,252.83999633789062,694.0,230605.0,20099.0,161178.0,8281.0,57378.0,131533.0
2021-05-03 09:55:00-04:00,133.07000732421875,3452.117919921875,327.19000244140625,2404.590087890625,252.97999572753906,695.2999877929688,133.35000610351562,3455.0,327.2300109863281,2404.590087890625,253.02000427246094,695.72998046875,133.07000732421875,3450.1201171875,326.92999267578125,2401.60009765625,252.9600067138672,693.7100219726562,133.25,3455.0,326.92999267578125,2402.033203125,253.0,694.0,325480.0,18294.0,104139.0,5438.0,89112.0,126224.0
2021-05-03 09:56:00-04:00,133.13999938964844,3452.590087890625,327.510009765625,2407.1650390625,253.2449951171875,694.655029296875,133.18499755859375,3455.0048828125,327.5299987792969,2407.1650390625,253.2899932861328,695.5,133.1199951171875,3452.449951171875,327.4200134277344,2406.1298828125,253.17999267578125,694.52001953125,133.17999267578125,3455.0048828125,327.5,2406.1298828125,253.17999267578125,695.0,237696.0,25369.0,108679.0,5849.0,77743.0,81226.0
2021-05-03 09:57:00-04:00,133.12010192871094,3447.25,327.0,2405.139892578125,253.16000366210938,693.3099975585938,133.1300048828125,3451.320068359375,327.2900085449219,2405.14501953125,253.38999938964844,694.302001953125,133.12010192871094,3446.56005859375,326.8900146484375,2405.139892578125,253.08099365234375,692.885009765625,133.125,3451.320068359375,327.25,2405.14501953125,253.25,694.0,219862.0,25803.0,60186.0,3586.0,96134.0,98478.0
2021-05-03 09:58:00-04:00,133.0926971435547,3446.2451171875,326.5950927734375,2403.195068359375,253.1750030517578,692.5098876953125,133.10000610351562,3447.6298828125,327.07000732421875,2405.012939453125,253.1999969482422,693.0800170898438,133.08999633789062,3446.010009765625,326.43499755859375,2402.419921875,253.1750030517578,692.25,133.08999633789062,3446.570068359375,327.0,2404.030029296875,253.17999267578125,692.25,216554.0,14010.0,80699.0,5424.0,48897.0,66747.0
2021-05-03 09:59:00-04:00,133.2053985595703,3442.699951171875,326.3999938964844,2398.760009765625,253.17999267578125,692.3800048828125,133.22000122070312,3448.159912109375,326.6099853515625,2402.969970703125,253.4199981689453,693.2999877929688,133.11000061035156,3441.030029296875,326.1600036621094,2397.656982421875,253.08999633789062,691.5999755859375,133.11000061035156,3446.640625,326.44000244140625,2402.580078125,253.1439971923828,691.7100219726562,219414.0,27051.0,56603.0,11278.0,64090.0,108585.0
2021-05-03 10:00:00-04:00,133.14500427246094,3440.38330078125,326.2300109863281,2398.9599609375,252.77999877929688,691.5650024414062,133.16000366210938,3443.760009765625,326.5098876953125,2399.364990234375,253.1999969482422,692.75,133.02999877929688,3436.25,325.8800048828125,2398.18994140625,252.6699981689453,690.8900146484375,133.08999633789062,3442.635009765625,326.30999755859375,2398.679931640625,253.17999267578125,692.1400146484375,397121.0,35892.0,165544.0,5998.0,69285.0,102064.0
2021-05-03 10:01:00-04:00,133.16000366210938,3445.5400390625,327.1000061035156,2400.989990234375,252.98989868164062,695.0549926757812,133.19000244140625,3445.5400390625,327.1000061035156,2400.989990234375,253.0,695.2070922851562,133.0749969482422,3440.010009765625,326.0552978515625,2399.06005859375,252.75,690.8800048828125,133.15499877929688,3441.469970703125,326.2349853515625,2399.489990234375,252.77000427246094,691.4299926757812,249850.0,15168.0,105614.0,4856.0,51891.0,166975.0
2021-05-03 10:02:00-04:00,133.0749969482422,3446.300048828125,327.1400146484375,2398.6201171875,253.11000061035156,695.7849731445312,133.29989624023438,3449.0,327.3299865722656,2401.0400390625,253.1999969482422,696.4000244140625,133.0500030517578,3445.5400390625,326.9165954589844,2398.260009765625,252.968994140625,694.6799926757812,133.16000366210938,3445.5400390625,327.1400146484375,2401.0400390625,252.9709930419922,695.0250244140625,358946.0,13265.0,56224.0,4763.0,56763.0,156421.0
2021-05-03 10:03:00-04:00,133.20199584960938,3450.830078125,327.5455017089844,2399.330078125,253.19000244140625,697.0499877929688,133.2100067138672,3451.445068359375,327.8599853515625,2400.0400390625,253.25999450683594,697.3150024414062,132.99000549316406,3445.830078125,327.1300964355469,2398.9599609375,253.0500030517578,695.5,133.07000732421875,3447.0,327.1400146484375,2399.02490234375,253.1199951171875,695.719970703125,308998.0,21709.0,129235.0,2951.0,64711.0,126899.0
2021-05-03 10:04:00-04:00,133.24000549316406,3454.2900390625,327.0899963378906,2402.52001953125,253.41000366210938,696.8599853515625,133.2899932861328,3455.139892578125,327.5899963378906,2402.52001953125,253.447998046875,697.6146240234375,133.1999969482422,3450.0,327.07000732421875,2400.31005859375,253.2100067138672,695.5800170898438,133.1999969482422,3450.699951171875,327.5899963378906,2400.31005859375,253.2100067138672,697.0,213485.0,16140.0,51023.0,3192.0,84698.0,146076.0
2021-05-03 10:05:00-04:00,133.30990600585938,3451.169921875,327.1600036621094,2402.780029296875,253.19000244140625,697.0516967773438,133.3300018310547,3454.3701171875,327.2699890136719,2403.044921875,253.46859741210938,697.4600219726562,133.1649932861328,3450.0,326.9006042480469,2401.4130859375,253.14999389648438,696.5599975585938,133.22999572753906,3454.050048828125,327.0899963378906,2402.3701171875,253.4199981689453,696.8200073242188,225163.0,10331.0,65847.0,3081.0,55650.0,78309.0
2021-05-03 10:06:00-04:00,133.41099548339844,3455.699951171875,327.70001220703125,2405.389892578125,253.5500030517578,699.009521484375,133.47000122070312,3455.949951171875,327.77801513671875,2405.389892578125,253.55999755859375,699.3399047851562,133.27999877929688,3450.0400390625,327.1099853515625,2402.999755859375,253.1699981689453,697.0800170898438,133.30999755859375,3451.780029296875,327.17999267578125,2402.999755859375,253.1999969482422,697.18017578125,297027.0,16474.0,84976.0,2577.0,101641.0,188753.0
2021-05-03 10:07:00-04:00,133.6300048828125,3462.780029296875,328.29998779296875,2411.919921875,253.99000549316406,701.3599853515625,133.64999389648438,3462.780029296875,328.29998779296875,2411.919921875,253.99000549316406,701.3599853515625,133.41400146484375,3455.5400390625,327.7300109863281,2405.409912109375,253.5399932861328,699.0133056640625,133.41400146484375,3455.85009765625,327.7699890136719,2405.409912109375,253.5449981689453,699.0133056640625,525328.0,22952.0,363154.0,9839.0,110737.0,207500.0
2021-05-03 10:08:00-04:00,133.55499267578125,3459.554931640625,328.1369934082031,2410.18994140625,253.82000732421875,701.5678100585938,133.66000366210938,3463.800048828125,328.54998779296875,2412.219970703125,254.02999877929688,701.9000244140625,133.50999450683594,3459.554931640625,327.989990234375,2410.18994140625,253.75999450683594,700.0117797851562,133.63499450683594,3462.929931640625,328.32000732421875,2412.219970703125,253.97000122070312,701.3699951171875,308810.0,17566.0,143791.0,5210.0,89985.0,176143.0
2021-05-03 10:09:00-04:00,133.5,3459.010009765625,327.364990234375,2408.429931640625,253.69000244140625,700.830078125,133.5500030517578,3461.425048828125,328.0799865722656,2409.989990234375,253.85000610351562,701.889892578125,133.4499969482422,3458.22509765625,327.29998779296875,2407.945068359375,253.6800994873047,700.6500244140625,133.5500030517578,3459.60009765625,328.0799865722656,2409.989990234375,253.8000030517578,701.625,264864.0,15473.0,122091.0,5428.0,59835.0,106984.0
2021-05-03 10:10:00-04:00,133.5500030517578,3457.080322265625,327.1005859375,2406.3798828125,253.6699981689453,700.4000244140625,133.6300048828125,3460.800048828125,327.6499938964844,2408.1298828125,253.77000427246094,701.5499877929688,133.50999450683594,3457.080322265625,327.1000061035156,2406.3798828125,253.66000366210938,699.4400024414062,133.50999450683594,3459.85009765625,327.3550109863281,2407.52001953125,253.69000244140625,700.7744750976562,259663.0,13379.0,76440.0,3583.0,57407.0,167436.0
2021-05-03 10:11:00-04:00,133.69000244140625,3457.47998046875,327.0,2406.659912109375,253.6699981689453,701.9600219726562,133.72000122070312,3458.239990234375,327.1600036621094,2407.4951171875,253.75,702.3823852539062,133.5500030517578,3456.22998046875,326.95001220703125,2406.0,253.63999938964844,700.1599731445312,133.5500030517578,3458.219482421875,327.1400146484375,2406.050048828125,253.67999267578125,700.4600219726562,295701.0,10668.0,84047.0,4165.0,72704.0,158974.0
2021-05-03 10:12:00-04:00,133.6999969482422,3459.5,327.0299987792969,2409.0,253.72000122070312,703.39501953125,133.77999877929688,3460.949951171875,327.239990234375,2409.0,253.8000030517578,703.5499877929688,133.64500427246094,3457.989990234375,327.0,2407.239990234375,253.66000366210938,701.9600219726562,133.69119262695312,3457.989990234375,327.04998779296875,2407.5,253.6999969482422,702.0050048828125,440138.0,8549.0,42767.0,4540.0,74546.0,167551.0
2021-05-03 10:13:00-04:00,133.6999969482422,3461.419921875,327.2200012207031,2410.77001953125,253.75,702.6400146484375,133.72999572753906,3462.0,327.239990234375,2410.77001953125,253.77000427246094,703.39501953125,133.58999633789062,3457.169921875,326.75,2408.32470703125,253.64999389648438,702.090087890625,133.69500732421875,3459.31005859375,327.0199890136719,2409.0,253.7100067138672,703.38671875,298018.0,21401.0,61059.0,5566.0,48788.0,88997.0
2021-05-03 10:14:00-04:00,133.75999450683594,3462.64990234375,327.3507080078125,2413.0,253.8300018310547,702.030029296875,133.78500366210938,3465.0,327.4800109863281,2413.9951171875,253.83999633789062,703.10498046875,133.69009399414062,3461.799560546875,327.2200012207031,2411.43310546875,253.72000122070312,702.0,133.7100067138672,3462.364990234375,327.239990234375,2411.580078125,253.76499938964844,702.6400146484375,244077.0,19137.0,47426.0,5163.0,58520.0,90488.0
2021-05-03 10:15:00-04:00,133.97000122070312,3467.17919921875,327.7749938964844,2415.839111328125,254.0399932861328,702.1420288085938,133.97999572753906,3467.17919921875,328.1000061035156,2416.5,254.0800018310547,703.0,133.7550048828125,3463.24755859375,327.310791015625,2413.35009765625,253.80999755859375,701.7977294921875,133.7550048828125,3463.24755859375,327.34991455078125,2413.860107421875,253.82000732421875,702.280029296875,422630.0,23808.0,88248.0,7897.0,130726.0,107761.0
2021-05-03 10:16:00-04:00,133.97999572753906,3471.800048828125,328.010009765625,2418.0400390625,254.1999969482422,701.3674926757812,134.07000732421875,3472.425048828125,328.0199890136719,2418.330078125,254.25,702.2100219726562,133.88999938964844,3466.85009765625,327.7301025390625,2416.449951171875,254.02999877929688,700.590087890625,133.97000122070312,3468.080078125,327.7749938964844,2416.989990234375,254.04989624023438,702.2100219726562,632247.0,20010.0,81602.0,5373.0,85364.0,148665.0
2021-05-03 10:17:00-04:00,133.9001007080078,3468.280029296875,327.9100036621094,2417.300048828125,254.08999633789062,700.52001953125,134.02999877929688,3472.889892578125,327.94000244140625,2417.97998046875,254.25,702.1998901367188,133.8699951171875,3468.280029296875,327.6610107421875,2416.840087890625,254.02999877929688,700.2200927734375,133.97000122070312,3472.0,327.94000244140625,2417.27001953125,254.17999267578125,701.4299926757812,265683.0,21999.0,57553.0,3433.0,84702.0,83761.0
2021-05-03 10:18:00-04:00,133.89999389648438,3470.590087890625,328.1600036621094,2416.580078125,254.17999267578125,699.8599853515625,133.97000122070312,3470.6298828125,328.3800048828125,2417.419921875,254.24000549316406,701.1099243164062,133.8699951171875,3468.875,327.8800048828125,2415.60498046875,254.05999755859375,699.3201293945312,133.88999938964844,3468.909912109375,327.91241455078125,2416.659912109375,254.05999755859375,700.485595703125,206431.0,6659.0,119940.0,5675.0,78763.0,130427.0
2021-05-03 10:19:00-04:00,133.88999938964844,3473.18505859375,328.15899658203125,2417.0,254.16000366210938,700.1478881835938,133.91000366210938,3474.2900390625,328.17999267578125,2418.0400390625,254.19000244140625,700.4000244140625,133.8350067138672,3470.179931640625,327.9700012207031,2415.179931640625,254.05999755859375,699.3400268554688,133.88999938964844,3470.179931640625,328.1199951171875,2415.179931640625,254.17990112304688,699.6994018554688,256351.0,20659.0,45586.0,3812.0,103815.0,70112.0
2021-05-03 10:20:00-04:00,133.74000549316406,3468.3798828125,327.80999755859375,2418.469970703125,253.9199981689453,699.6699829101562,133.9499969482422,3474.5,328.29998779296875,2419.699951171875,254.25,701.2498779296875,133.74000549316406,3468.3798828125,327.7200012207031,2416.85009765625,253.9199981689453,699.6699829101562,133.88499450683594,3473.6201171875,328.1499938964844,2416.85009765625,254.16000366210938,700.4500122070312,370937.0,14941.0,94389.0,5415.0,125332.0,80327.0
2021-05-03 10:21:00-04:00,133.69500732421875,3466.780029296875,327.6499938964844,2415.889892578125,253.7100067138672,698.7000122070312,133.75,3468.669921875,327.8349914550781,2418.1201171875,253.97000122070312,699.9299926757812,133.6300048828125,3465.72998046875,327.5,2415.889892578125,253.6999969482422,698.010009765625,133.74000549316406,3468.409912109375,327.8349914550781,2417.739990234375,253.9250030517578,699.8695068359375,355115.0,9747.0,56818.0,4604.0,107793.0,115846.0
2021-05-03 10:22:00-04:00,133.66000366210938,3467.382568359375,327.5,2415.97998046875,253.50999450683594,698.3800048828125,133.75999450683594,3468.419921875,327.7900085449219,2417.25,253.75999450683594,699.1859741210938,133.64999389648438,3466.0,327.5,2415.030029296875,253.49000549316406,697.760009765625,133.69000244140625,3467.3798828125,327.67999267578125,2415.25,253.72999572753906,698.8699951171875,214836.0,10011.0,42387.0,8805.0,96439.0,71201.0
2021-05-03 10:23:00-04:00,133.75,3467.800048828125,327.42999267578125,2415.0400390625,253.4759979248047,699.3820190429688,133.77000427246094,3468.0,327.71990966796875,2416.320068359375,253.57000732421875,699.9000244140625,133.625,3465.320068359375,327.42999267578125,2414.60009765625,253.41000366210938,698.0017700195312,133.6699981689453,3466.050048828125,327.4949951171875,2415.719970703125,253.5,698.4299926757812,234910.0,13713.0,72468.0,3879.0,63672.0,108519.0
2021-05-03 10:24:00-04:00,133.73500061035156,3467.719970703125,327.06500244140625,2413.639892578125,253.51499938964844,698.5147705078125,133.86000061035156,3468.199951171875,327.5,2415.93505859375,253.61990356445312,700.0800170898438,133.72000122070312,3465.050048828125,326.93499755859375,2413.580078125,253.44000244140625,698.4099731445312,133.75,3465.3310546875,327.44000244140625,2414.449951171875,253.47999572753906,699.2999877929688,233007.0,10290.0,64867.0,3850.0,53498.0,109267.0
2021-05-03 10:25:00-04:00,133.78419494628906,3473.39990234375,327.5150146484375,2415.89990234375,253.61000061035156,698.010009765625,133.84500122070312,3474.0,327.6600036621094,2415.89990234375,253.69000244140625,699.1599731445312,133.69000244140625,3465.989990234375,326.9700012207031,2414.570068359375,253.47000122070312,697.9199829101562,133.72500610351562,3467.2900390625,327.04998779296875,2414.570068359375,253.5,698.3499755859375,243129.0,16035.0,82111.0,1585.0,54379.0,74040.0
2021-05-03 10:26:00-04:00,133.72500610351562,3472.260009765625,326.8699951171875,2414.81005859375,253.36000061035156,697.113525390625,133.82339477539062,3474.5,327.7200012207031,2417.300048828125,253.66000366210938,698.9299926757812,133.7100067138672,3470.54931640625,326.79998779296875,2413.74365234375,253.30999755859375,697.0499877929688,133.77999877929688,3474.0,327.510009765625,2415.9599609375,253.61000061035156,698.2199096679688,268910.0,13450.0,79435.0,5284.0,74828.0,65369.0
2021-05-03 10:27:00-04:00,133.77999877929688,3470.438720703125,326.6000061035156,2413.0,253.52000427246094,696.969970703125,133.86500549316406,3472.67529296875,326.8900146484375,2415.43994140625,253.52999877929688,698.22998046875,133.72000122070312,3470.360107421875,326.5199890136719,2413.0,253.33999633789062,696.72998046875,133.72500610351562,3471.330078125,326.8900146484375,2415.43994140625,253.36000061035156,697.1649780273438,215431.0,11483.0,59621.0,1875.0,44939.0,79225.0
2021-05-03 10:28:00-04:00,133.72000122070312,3472.9599609375,327.1700134277344,2413.85009765625,253.60009765625,696.5800170898438,133.8300018310547,3474.5,327.1700134277344,2415.159912109375,253.6999969482422,697.780029296875,133.6999969482422,3471.3798828125,326.6400146484375,2412.699951171875,253.50999450683594,696.4299926757812,133.7700958251953,3471.3798828125,326.6400146484375,2413.2099609375,253.5399932861328,697.0800170898438,230756.0,18047.0,72342.0,4123.0,66591.0,63718.0
2021-05-03 10:29:00-04:00,133.83999633789062,3471.989990234375,327.25,2414.679931640625,253.73989868164062,696.0009155273438,133.83999633789062,3474.2099609375,327.3599853515625,2415.580078125,253.73989868164062,697.31787109375,133.7100067138672,3470.156982421875,327.02020263671875,2414.31005859375,253.58999633789062,695.4299926757812,133.72000122070312,3474.2099609375,327.1700134277344,2414.31005859375,253.61000061035156,696.6300048828125,211561.0,15336.0,52868.0,2494.0,43845.0,85834.0
2021-05-03 10:30:00-04:00,133.87989807128906,3475.8701171875,327.17999267578125,2416.0,253.86000061035156,696.4349975585938,133.9499969482422,3477.699951171875,327.3699951171875,2416.64990234375,253.97000122070312,696.969970703125,133.82000732421875,3471.989990234375,327.1499938964844,2415.14990234375,253.74000549316406,695.3599853515625,133.8350067138672,3471.989990234375,327.2799987792969,2415.14990234375,253.74000549316406,696.239990234375,354024.0,32888.0,36506.0,2064.0,67855.0,97883.0
2021-05-03 10:31:00-04:00,133.78379821777344,3468.5,326.7699890136719,2413.60009765625,253.7899932861328,696.2150268554688,133.89999389648438,3476.830078125,327.20001220703125,2415.8798828125,253.9199981689453,697.2199096679688,133.75999450683594,3468.5,326.6199951171875,2413.60009765625,253.64999389648438,695.7999877929688,133.875,3476.010009765625,327.17999267578125,2415.840087890625,253.89999389648438,696.5150146484375,186617.0,16305.0,66414.0,2132.0,46482.0,70247.0
2021-05-03 10:32:00-04:00,133.82009887695312,3469.820068359375,326.68499755859375,2413.429931640625,254.0709991455078,695.760009765625,133.85989379882812,3471.949951171875,326.9198913574219,2414.280029296875,254.1300048828125,696.92822265625,133.75999450683594,3467.7587890625,326.6000061035156,2413.39990234375,253.72999572753906,695.6500244140625,133.7899932861328,3467.7587890625,326.8299865722656,2414.22998046875,253.8000030517578,696.3800048828125,152347.0,11364.0,40328.0,4294.0,77458.0,47671.0
2021-05-03 10:33:00-04:00,133.88999938964844,3466.159912109375,326.5150146484375,2413.239990234375,254.1999969482422,695.361572265625,133.88999938964844,3470.780029296875,326.75,2413.64990234375,254.3000030517578,695.9268188476562,133.77999877929688,3464.909912109375,326.4599914550781,2412.81005859375,254.0800018310547,694.5,133.82119750976562,3470.659912109375,326.7300109863281,2412.81005859375,254.0800018310547,695.77001953125,158335.0,22949.0,54232.0,2630.0,85571.0,126081.0
2021-05-03 10:34:00-04:00,133.95620727539062,3465.0,326.4949951171875,2411.304931640625,254.11199951171875,695.6300048828125,133.97000122070312,3468.52001953125,326.659912109375,2413.239990234375,254.33999633789062,696.339599609375,133.86000061035156,3465.0,326.45001220703125,2410.647705078125,254.11199951171875,694.9400024414062,133.8887939453125,3465.89990234375,326.5299987792969,2413.239990234375,254.2100067138672,695.2999877929688,250424.0,12132.0,42784.0,3083.0,79123.0,76522.0
2021-05-03 10:35:00-04:00,134.0,3461.965087890625,326.0400085449219,2410.840087890625,254.32000732421875,696.239990234375,134.00999450683594,3465.506103515625,326.5799865722656,2410.89990234375,254.32000732421875,696.5,133.86000061035156,3460.420166015625,325.8699951171875,2410.280029296875,254.12869262695312,695.5280151367188,133.9600067138672,3464.968017578125,326.4649963378906,2410.77001953125,254.1300048828125,695.530029296875,314508.0,9605.0,72373.0,3307.0,55865.0,75997.0
2021-05-03 10:36:00-04:00,133.99000549316406,3460.530029296875,326.15240478515625,2410.260009765625,254.1999969482422,695.6599731445312,134.0500030517578,3464.610107421875,326.2550048828125,2412.699951171875,254.35000610351562,696.780029296875,133.89999389648438,3460.530029296875,325.8399963378906,2410.260009765625,254.17999267578125,695.1799926757812,134.0,3462.93603515625,326.1099853515625,2411.050048828125,254.30999755859375,696.3200073242188,262703.0,8996.0,51934.0,4186.0,52049.0,86876.0
2021-05-03 10:37:00-04:00,133.7899932861328,3456.64501953125,325.7950134277344,2407.0,253.83999633789062,694.9237060546875,134.0,3461.010009765625,326.1549987792969,2409.010009765625,254.24000549316406,695.739990234375,133.74000549316406,3456.64501953125,325.6000061035156,2406.75,253.80999755859375,694.5501098632812,133.99000549316406,3460.8798828125,326.1549987792969,2409.010009765625,254.19720458984375,695.5999755859375,307978.0,14611.0,93620.0,6874.0,80610.0,94252.0
2021-05-03 10:38:00-04:00,133.77000427246094,3457.1298828125,325.989990234375,2407.43994140625,253.92010498046875,694.3699951171875,133.8000030517578,3457.679931640625,325.989990234375,2407.43994140625,253.94000244140625,695.0449829101562,133.70989990234375,3452.620361328125,325.55999755859375,2404.594970703125,253.66000366210938,693.510009765625,133.79010009765625,3455.594970703125,325.7699890136719,2405.580078125,253.84500122070312,695.0449829101562,217997.0,23170.0,50264.0,4723.0,77497.0,116063.0
2021-05-03 10:39:00-04:00,133.73899841308594,3454.719970703125,325.6400146484375,2406.25,253.8300018310547,694.2689208984375,133.80999755859375,3456.52001953125,326.04998779296875,2407.440185546875,253.9499969482422,694.780029296875,133.69000244140625,3454.080810546875,325.57000732421875,2406.2451171875,253.77999877929688,694.0,133.77999877929688,3456.419921875,325.989990234375,2407.440185546875,253.92999267578125,694.2999267578125,201934.0,10671.0,48937.0,3189.0,30390.0,52190.0
2021-05-03 10:40:00-04:00,133.75999450683594,3455.9794921875,325.82000732421875,2406.392578125,253.8249969482422,694.5726928710938,133.77000427246094,3455.9794921875,325.8598937988281,2406.392578125,253.85000610351562,694.8599853515625,133.60000610351562,3453.0,325.4800109863281,2404.760009765625,253.72999572753906,693.8900146484375,133.73500061035156,3454.93994140625,325.6400146484375,2406.139892578125,253.85000610351562,694.1099853515625,416782.0,9690.0,65255.0,3814.0,63413.0,70613.0
2021-05-03 10:41:00-04:00,133.6699981689453,3458.985107421875,326.04998779296875,2408.965087890625,253.94000244140625,694.260009765625,133.77000427246094,3460.60009765625,326.05999755859375,2409.330078125,254.02000427246094,694.9500122070312,133.64999389648438,3455.75,325.80499267578125,2406.824951171875,253.8000030517578,693.9099731445312,133.75,3455.75,325.8299865722656,2406.824951171875,253.83999633789062,694.7000122070312,251116.0,17137.0,28295.0,3791.0,52798.0,61828.0
2021-05-03 10:42:00-04:00,133.52999877929688,3455.544921875,325.8599853515625,2407.030029296875,253.8249969482422,693.47998046875,133.6699981689453,3458.93994140625,326.0599060058594,2408.8701171875,253.93499755859375,694.3161010742188,133.52999877929688,3455.544921875,325.7699890136719,2407.030029296875,253.72000122070312,693.3800048828125,133.6699981689453,3458.93994140625,326.0299987792969,2408.8701171875,253.92999267578125,694.239990234375,291002.0,10332.0,31749.0,2685.0,44012.0,82067.0
2021-05-03 10:43:00-04:00,133.47999572753906,3453.203857421875,325.68499755859375,2407.719970703125,253.77000427246094,693.25,133.55999755859375,3455.389892578125,325.8999938964844,2407.75,253.85000610351562,694.0,133.4600067138672,3453.203857421875,325.6600036621094,2407.39990234375,253.75999450683594,693.1870727539062,133.52999877929688,3454.60009765625,325.8399963378906,2407.60009765625,253.83999633789062,693.3132934570312,272949.0,6956.0,37808.0,1817.0,31201.0,68612.0
2021-05-03 10:44:00-04:00,133.44500732421875,3449.005859375,325.4599914550781,2405.2060546875,253.63999938964844,692.5599975585938,133.493896484375,3453.169921875,325.7099914550781,2406.5400390625,253.8000030517578,693.239990234375,133.4199981689453,3448.77001953125,325.3699951171875,2405.2060546875,253.5800018310547,692.1199951171875,133.48500061035156,3453.169921875,325.6868896484375,2406.1201171875,253.7899932861328,693.1699829101562,182768.0,10059.0,45319.0,2159.0,56291.0,109893.0
2021-05-03 10:45:00-04:00,133.55999755859375,3448.0,325.3900146484375,2407.090087890625,253.75,693.5,133.6199951171875,3451.1298828125,325.5,2407.090087890625,253.8000030517578,693.6796875,133.3300018310547,3446.56005859375,325.25,2404.530029296875,253.5500030517578,692.1199951171875,133.44000244140625,3448.0,325.4700012207031,2405.639892578125,253.6300048828125,692.434326171875,397027.0,12581.0,39992.0,3534.0,63410.0,77041.0
2021-05-03 10:46:00-04:00,133.44500732421875,3447.9111328125,325.3900146484375,2408.68994140625,253.7550048828125,693.3400268554688,133.58999633789062,3448.929931640625,325.45001220703125,2408.68994140625,253.7899932861328,693.97998046875,133.44000244140625,3446.5,325.260009765625,2406.550048828125,253.69000244140625,693.0,133.55999755859375,3448.72998046875,325.3299865722656,2407.090087890625,253.76499938964844,693.5,148587.0,7917.0,28271.0,4789.0,35269.0,99866.0
2021-05-03 10:47:00-04:00,133.4199981689453,3448.929931640625,325.44000244140625,2406.860107421875,253.85499572753906,693.4841918945312,133.47999572753906,3448.929931640625,325.55999755859375,2409.159912109375,253.86900329589844,693.5,133.3699951171875,3445.842041015625,325.3599853515625,2406.85009765625,253.77999877929688,693.0599975585938,133.44009399414062,3446.2900390625,325.3900146484375,2409.159912109375,253.77999877929688,693.4099731445312,206980.0,13783.0,38058.0,3751.0,25820.0,54181.0
2021-05-03 10:48:00-04:00,133.34010314941406,3449.14990234375,325.5,2409.10009765625,253.7198944091797,693.8699951171875,133.42999267578125,3451.7822265625,325.58099365234375,2409.10009765625,253.88999938964844,694.5,133.25,3447.77001953125,325.3900146484375,2407.0,253.7100067138672,692.771728515625,133.42999267578125,3449.0,325.42498779296875,2407.625,253.8699951171875,693.5,289161.0,14561.0,26483.0,4137.0,33361.0,103552.0
2021-05-03 10:49:00-04:00,133.2949981689453,3446.389892578125,325.43499755859375,2406.284912109375,253.5749053955078,694.3699951171875,133.35000610351562,3450.9248046875,325.510009765625,2409.080078125,253.72000122070312,694.6500244140625,133.25999450683594,3443.89501953125,325.2799987792969,2405.5400390625,253.4499969482422,693.7105102539062,133.33999633789062,3450.9248046875,325.510009765625,2409.080078125,253.7061004638672,693.905029296875,152920.0,25502.0,35783.0,5968.0,34162.0,82422.0
2021-05-03 10:50:00-04:00,133.30499267578125,3448.80126953125,325.3999938964844,2407.43994140625,253.63999938964844,694.7999877929688,133.32000732421875,3448.80126953125,325.489990234375,2407.639892578125,253.63999938964844,694.97998046875,133.22999572753906,3443.260009765625,325.25,2406.239990234375,253.42999267578125,693.9000244140625,133.29339599609375,3445.409912109375,325.42498779296875,2406.280029296875,253.55999755859375,694.073486328125,180556.0,12132.0,31711.0,3284.0,50420.0,83824.0
2021-05-03 10:51:00-04:00,133.1649932861328,3441.02001953125,324.9750061035156,2405.409912109375,253.3000030517578,693.8200073242188,133.3101043701172,3448.330078125,325.42498779296875,2407.929931640625,253.64999389648438,694.8599853515625,133.1199951171875,3438.8818359375,324.93499755859375,2404.72509765625,253.25010681152344,693.219970703125,133.30859375,3448.14794921875,325.4100036621094,2407.610107421875,253.64010620117188,694.760009765625,207314.0,19666.0,65998.0,7007.0,42461.0,82060.0
2021-05-03 10:52:00-04:00,132.9801025390625,3435.6201171875,324.6400146484375,2401.1298828125,252.9600067138672,691.8900146484375,133.19000244140625,3442.0615234375,324.9599914550781,2404.110107421875,253.30999755859375,693.9099731445312,132.96009826660156,3435.52001953125,324.590087890625,2400.169921875,252.9600067138672,691.7066040039062,133.14999389648438,3440.27001953125,324.9599914550781,2404.110107421875,253.27999877929688,693.7000122070312,428775.0,20242.0,74806.0,2440.0,89317.0,92431.0
2021-05-03 10:53:00-04:00,132.84500122070312,3431.485107421875,324.3900146484375,2400.199951171875,252.72999572753906,691.27587890625,133.00999450683594,3435.544921875,324.6400146484375,2402.2900390625,252.99000549316406,692.1300048828125,132.80999755859375,3431.485107421875,324.3599853515625,2400.199951171875,252.72000122070312,691.2514038085938,132.98500061035156,3435.544921875,324.6400146484375,2401.409912109375,252.9600067138672,691.8400268554688,366659.0,28917.0,49150.0,9612.0,69056.0,109076.0
2021-05-03 10:54:00-04:00,132.8282012939453,3434.550048828125,324.70001220703125,2401.5400390625,252.8000030517578,692.4000244140625,132.875,3434.90625,324.70001220703125,2401.5400390625,252.82000732421875,692.5,132.67999267578125,3431.510009765625,324.2749938964844,2399.570068359375,252.6199951171875,691.25,132.85499572753906,3432.60009765625,324.3999938964844,2400.419921875,252.73500061035156,691.35498046875,594862.0,17041.0,62566.0,4727.0,86507.0,65424.0
2021-05-03 10:55:00-04:00,132.89999389648438,3430.409912109375,324.7900085449219,2402.0400390625,252.7550048828125,692.6699829101562,132.94000244140625,3435.0,324.8854064941406,2402.0400390625,252.85000610351562,693.2698974609375,132.80999755859375,3428.1298828125,324.5899963378906,2401.159912109375,252.6699981689453,692.0,132.80999755859375,3434.332763671875,324.6799011230469,2401.35009765625,252.77999877929688,692.2301025390625,273891.0,45448.0,51903.0,1205.0,44933.0,77217.0
2021-05-03 10:56:00-04:00,132.85499572753906,3435.30078125,325.0899963378906,2403.93994140625,252.72000122070312,692.75,132.9499969482422,3435.75,325.2099914550781,2403.93994140625,252.82919311523438,693.3499755859375,132.85000610351562,3430.56005859375,324.79998779296875,2401.780029296875,252.71499633789062,692.5360107421875,132.9075927734375,3430.56005859375,324.79998779296875,2401.780029296875,252.75999450683594,692.6900024414062,202213.0,20994.0,45155.0,4841.0,37342.0,46013.0
2021-05-03 10:57:00-04:00,132.80499267578125,3432.54248046875,325.260009765625,2403.159912109375,252.74000549316406,692.9462280273438,132.88999938964844,3435.094970703125,325.30999755859375,2403.93994140625,252.81900024414062,693.0999755859375,132.75,3430.14990234375,325.0400085449219,2402.199951171875,252.66000366210938,692.5001220703125,132.85499572753906,3434.47998046875,325.0899963378906,2403.93994140625,252.7100067138672,692.686279296875,248721.0,21479.0,45077.0,3186.0,46276.0,46939.0
2021-05-03 10:58:00-04:00,132.7100067138672,3427.659912109375,325.02130126953125,2402.530029296875,252.61000061035156,691.0911254882812,132.80499267578125,3432.423583984375,325.3059997558594,2404.455078125,252.74000549316406,692.9749755859375,132.6300048828125,3425.739990234375,324.8999938964844,2401.330078125,252.57000732421875,691.0,132.80499267578125,3431.10791015625,325.2850036621094,2404.35498046875,252.72999572753906,692.9550170898438,294958.0,27845.0,62032.0,3891.0,47864.0,81485.0
2021-05-03 10:59:00-04:00,132.77000427246094,3430.199951171875,325.2300109863281,2403.10009765625,252.69000244140625,691.960205078125,132.78500366210938,3430.969970703125,325.2300109863281,2403.10009765625,252.75999450683594,691.989990234375,132.6999969482422,3426.440185546875,325.00738525390625,2401.64990234375,252.60000610351562,690.5499877929688,132.7100067138672,3427.1298828125,325.0350036621094,2401.64990234375,252.61000061035156,691.1400146484375,174987.0,15967.0,32025.0,4596.0,59824.0,75488.0
2021-05-03 11:00:00-04:00,132.5850067138672,3429.64990234375,325.0,2399.635009765625,252.53500366210938,690.9899291992188,132.77499389648438,3430.52001953125,325.239990234375,2403.85009765625,252.68499755859375,691.989990234375,132.5,3424.0,324.7799987792969,2399.4599609375,252.47560119628906,690.7000122070312,132.77499389648438,3430.360107421875,325.239990234375,2403.85009765625,252.68499755859375,691.864990234375,377805.0,28822.0,31888.0,3008.0,69297.0,55866.0
2021-05-03 11:01:00-04:00,132.72999572753906,3431.35009765625,325.4299011230469,2398.949951171875,252.5500030517578,691.5499877929688,132.77749633789062,3433.64990234375,325.4299011230469,2401.570068359375,252.6999969482422,692.12939453125,132.5749969482422,3428.93994140625,324.94000244140625,2396.860107421875,252.4499969482422,690.239990234375,132.5850067138672,3429.3798828125,325.0249938964844,2400.31005859375,252.52999877929688,690.9400024414062,268203.0,15419.0,83485.0,13199.0,51092.0,69288.0
2021-05-03 11:02:00-04:00,132.8000030517578,3432.8701171875,325.1050109863281,2398.969970703125,252.7100067138672,692.094970703125,132.80999755859375,3434.43994140625,325.44000244140625,2398.969970703125,252.75,692.3798828125,132.6501007080078,3430.344970703125,325.027099609375,2397.719970703125,252.5050048828125,690.7393188476562,132.73260498046875,3431.010009765625,325.29998779296875,2398.610107421875,252.56500244140625,691.489990234375,224243.0,18284.0,44396.0,2104.0,41470.0,59480.0
2021-05-03 11:03:00-04:00,132.77000427246094,3431.44580078125,325.2900085449219,2400.72998046875,252.69000244140625,692.294921875,132.83999633789062,3434.969970703125,325.3900146484375,2401.186279296875,252.74000549316406,693.010009765625,132.7178955078125,3428.659912109375,325.04449462890625,2398.800048828125,252.5679931640625,691.5599975585938,132.8000030517578,3433.169921875,325.1199951171875,2398.969970703125,252.69500732421875,692.1838989257812,198508.0,14382.0,40692.0,4510.0,36106.0,88720.0
2021-05-03 11:04:00-04:00,132.72000122070312,3428.85498046875,324.9674987792969,2398.89501953125,252.64999389648438,691.6920776367188,132.8090057373047,3434.364990234375,325.3800048828125,2401.925048828125,252.77499389648438,692.3699951171875,132.69009399414062,3428.030029296875,324.9674987792969,2398.89501953125,252.61000061035156,691.5999755859375,132.77749633789062,3432.199951171875,325.260009765625,2401.925048828125,252.6929931640625,692.3499145507812,193231.0,18588.0,38789.0,2614.0,49940.0,37172.0
2021-05-03 11:05:00-04:00,132.72149658203125,3426.0,324.8699951171875,2399.705078125,252.6699981689453,691.8599853515625,132.77540588378906,3429.52001953125,325.0299987792969,2399.705078125,252.69000244140625,692.469970703125,132.67999267578125,3425.820068359375,324.7200012207031,2398.47998046875,252.57000732421875,691.3200073242188,132.71009826660156,3428.840087890625,324.9460144042969,2399.5,252.6199951171875,691.6900024414062,145835.0,15997.0,77471.0,3160.0,39100.0,37466.0
2021-05-03 11:06:00-04:00,132.8249969482422,3428.31494140625,324.82000732421875,2398.679931640625,252.82000732421875,692.6199951171875,132.83999633789062,3428.405029296875,324.91949462890625,2398.840087890625,252.8300018310547,692.7999877929688,132.69009399414062,3424.72998046875,324.6400146484375,2397.493896484375,252.60000610351562,691.75,132.72000122070312,3425.0,324.8399963378906,2398.840087890625,252.6699981689453,691.8599853515625,182284.0,20787.0,20059.0,4252.0,46468.0,38493.0
2021-05-03 11:07:00-04:00,132.8249969482422,3424.080078125,324.5199890136719,2398.659912109375,252.8300018310547,692.0449829101562,132.83999633789062,3428.772705078125,324.82000732421875,2399.010009765625,252.8300018310547,692.5598754882812,132.77999877929688,3424.080078125,324.510009765625,2398.179931640625,252.72999572753906,691.9099731445312,132.82859802246094,3428.772705078125,324.8004150390625,2398.179931640625,252.8249969482422,692.530029296875,199449.0,30829.0,40491.0,2755.0,40136.0,41096.0
2021-05-03 11:08:00-04:00,132.8498992919922,3424.5400390625,324.4599914550781,2399.570068359375,252.86000061035156,692.2011108398438,132.8498992919922,3425.389892578125,324.6000061035156,2399.760009765625,252.8699951171875,692.3400268554688,132.7899932861328,3422.1298828125,324.3699951171875,2398.199951171875,252.74000549316406,691.2999877929688,132.8280029296875,3424.0,324.510009765625,2398.659912109375,252.82000732421875,692.010009765625,95930.0,11437.0,34695.0,2735.0,22491.0,39964.0
2021-05-03 11:10:00-04:00,132.9199981689453,3423.18994140625,324.1549987792969,2399.22998046875,252.73500061035156,691.3699951171875,132.94000244140625,3424.25,324.4100036621094,2400.02001953125,252.80999755859375,691.4000244140625,132.89999389648438,3421.3798828125,324.1300964355469,2399.219970703125,252.73500061035156,690.8200073242188,132.89999389648438,3423.719970703125,324.3900146484375,2400.02001953125,252.80999755859375,691.4000244140625,567500.0,44392.0,102091.0,6592.0,94470.0,110958.0
2021-05-03 11:11:00-04:00,132.52999877929688,3415.510009765625,323.5400085449219,2393.614990234375,252.27999877929688,688.0,132.92999267578125,3424.363525390625,324.29998779296875,2399.590087890625,252.77000427246094,691.4600219726562,132.42999267578125,3414.0,323.3800048828125,2392.080078125,252.10000610351562,687.8699951171875,132.9199981689453,3423.830078125,324.1499938964844,2399.590087890625,252.74000549316406,691.4199829101562,457301.0,34941.0,68930.0,5170.0,108903.0,248821.0
2021-05-03 11:12:00-04:00,132.46319580078125,3411.31005859375,323.3399963378906,2394.260009765625,252.14999389648438,687.2000122070312,132.58990478515625,3415.35009765625,323.5799865722656,2394.260009765625,252.35000610351562,688.4544067382812,132.41000366210938,3410.0,323.17010498046875,2392.4951171875,252.08999633789062,686.7999877929688,132.52999877929688,3415.35009765625,323.510009765625,2393.77001953125,252.27000427246094,687.9949951171875,226028.0,29562.0,69185.0,3748.0,66983.0,126276.0
2021-05-03 11:13:00-04:00,132.42990112304688,3413.199951171875,323.3699951171875,2395.15966796875,252.1199951171875,686.6599731445312,132.46499633789062,3414.0498046875,323.3999938964844,2396.8701171875,252.13499450683594,686.9185180664062,132.3699951171875,3410.0,323.193115234375,2394.43994140625,252.0449981689453,686.1099853515625,132.44000244140625,3412.25,323.3888854980469,2396.8701171875,252.125,686.5250244140625,234577.0,34605.0,42413.0,2218.0,64810.0,98786.0
2021-05-03 11:14:00-04:00,132.41000366210938,3410.14404296875,323.3399963378906,2394.1298828125,252.07000732421875,687.16650390625,132.47999572753906,3415.64990234375,323.5589904785156,2395.030029296875,252.1300048828125,687.6077880859375,132.3800048828125,3410.14404296875,323.3200988769531,2393.5673828125,252.02040100097656,686.5,132.4199981689453,3413.860107421875,323.3800048828125,2395.030029296875,252.10000610351562,686.510009765625,163502.0,13731.0,47911.0,3754.0,50334.0,96789.0
2021-05-03 11:15:00-04:00,132.49000549316406,3416.260009765625,323.46990966796875,2395.56591796875,252.2100067138672,687.1699829101562,132.5500030517578,3416.635009765625,323.5400085449219,2395.56591796875,252.25,687.8699951171875,132.36000061035156,3407.40966796875,323.1199951171875,2393.215087890625,252.03550720214844,686.7100219726562,132.39999389648438,3410.010009765625,323.3550109863281,2393.3798828125,252.0749969482422,687.3533935546875,204642.0,41050.0,51976.0,3471.0,65059.0,63111.0
2021-05-03 11:16:00-04:00,132.5399932861328,3415.72998046875,323.54998779296875,2395.85009765625,252.0800018310547,687.739990234375,132.56910705566406,3415.72998046875,323.6700134277344,2397.489990234375,252.22999572753906,687.9815063476562,132.4600067138672,3412.6298828125,323.3500061035156,2395.179931640625,252.0800018310547,687.0,132.4929962158203,3415.010009765625,323.3999938964844,2395.179931640625,252.1999969482422,687.22998046875,158144.0,17421.0,30938.0,2514.0,51814.0,71100.0
2021-05-03 11:17:00-04:00,132.46499633789062,3412.27978515625,323.2152099609375,2394.0,252.02000427246094,687.9500122070312,132.54299926757812,3415.719970703125,323.57000732421875,2394.550048828125,252.0800018310547,688.489990234375,132.44000244140625,3410.300048828125,323.1099853515625,2394.0,251.9499969482422,687.0,132.54299926757812,3415.489990234375,323.57000732421875,2394.550048828125,252.0800018310547,687.8800048828125,150246.0,23366.0,46942.0,2323.0,88636.0,105755.0
2021-05-03 11:18:00-04:00,132.47000122070312,3412.6201171875,323.3299865722656,2395.409912109375,252.22999572753906,687.8925170898438,132.5449981689453,3415.010009765625,323.3900146484375,2395.409912109375,252.25999450683594,688.8699951171875,132.4499969482422,3412.280029296875,323.1900939941406,2394.0048828125,252.02000427246094,687.52001953125,132.46009826660156,3412.280029296875,323.239990234375,2394.469970703125,252.02999877929688,687.9400024414062,98894.0,11456.0,35790.0,1760.0,43856.0,58318.0
2021-05-03 11:19:00-04:00,132.49000549316406,3408.669921875,323.2820129394531,2394.510009765625,252.110107421875,687.75,132.49989318847656,3412.639892578125,323.3399963378906,2394.510009765625,252.2100067138672,688.0114135742188,132.41000366210938,3405.844970703125,323.1112060546875,2394.010009765625,252.05999755859375,687.2100219726562,132.47000122070312,3411.885498046875,323.2950134277344,2394.06005859375,252.2100067138672,688.0114135742188,0.0,0.0,0.0,0.0,0.0,0.0
2021-05-03 11:20:00-04:00,132.3800048828125,3408.211181640625,322.9100036621094,2393.14990234375,252.07000732421875,686.7999877929688,132.49000549316406,3409.47509765625,323.2699890136719,2393.14990234375,252.1199951171875,687.4749755859375,132.32000732421875,3404.1201171875,322.840087890625,2393.0,251.99000549316406,686.64111328125,132.49000549316406,3407.93994140625,323.2699890136719,2393.080078125,252.1199951171875,687.4749755859375,246958.0,29744.0,82418.0,2890.0,30811.0,66150.0
2021-05-03 11:21:00-04:00,132.57000732421875,3411.6103515625,322.9200134277344,2395.60009765625,252.32000732421875,687.5650024414062,132.60000610351562,3413.37890625,323.1499938964844,2395.869873046875,252.33839416503906,688.4099731445312,132.36000061035156,3406.8798828125,322.8500061035156,2394.179931640625,252.0399932861328,686.7100219726562,132.3800048828125,3408.35498046875,322.8882141113281,2394.179931640625,252.05999755859375,686.9299926757812,210833.0,23314.0,42401.0,1233.0,49772.0,76054.0
2021-05-03 11:22:00-04:00,132.51820373535156,3414.56005859375,322.8598937988281,2394.92919921875,252.24000549316406,687.72998046875,132.58990478515625,3414.56005859375,322.9800109863281,2395.64990234375,252.39990234375,688.0900268554688,132.44000244140625,3410.89990234375,322.6099853515625,2394.409912109375,252.16000366210938,687.0650024414062,132.56500244140625,3412.659912109375,322.92999267578125,2395.64990234375,252.375,687.6500244140625,97400.0,22708.0,41824.0,2912.0,40860.0,56439.0
2021-05-03 11:23:00-04:00,132.4250030517578,3412.72412109375,322.7200012207031,2396.25,252.22000122070312,687.1500244140625,132.53909301757812,3415.1298828125,322.8924865722656,2396.25,252.32960510253906,687.9299926757812,132.4199981689453,3412.1201171875,322.7200012207031,2396.25,252.22000122070312,687.1500244140625,132.50999450683594,3414.840087890625,322.7749938964844,2396.25,252.25,687.6900024414062,64886.0,18461.0,21479.0,398.0,19913.0,31076.0
2021-05-03 11:25:00-04:00,132.2989959716797,3407.5,322.82501220703125,2393.449951171875,251.97000122070312,685.1300048828125,132.3300018310547,3408.6201171875,322.9624938964844,2394.219970703125,251.9864959716797,685.7299194335938,132.2449951171875,3406.93994140625,322.7200012207031,2392.419921875,251.8800048828125,685.0,132.3300018310547,3408.59326171875,322.9624938964844,2394.219970703125,251.968994140625,685.4249877929688,363749.0,68704.0,106027.0,8976.0,98657.0,207195.0
2021-05-03 11:26:00-04:00,132.19859313964844,3404.25,322.55999755859375,2391.419921875,251.9250030517578,684.8150024414062,132.3000030517578,3408.885009765625,322.79998779296875,2393.139892578125,251.97000122070312,685.2100219726562,132.13999938964844,3404.090087890625,322.44000244140625,2391.419921875,251.8000030517578,684.5399780273438,132.28900146484375,3407.699951171875,322.7900085449219,2393.139892578125,251.9499969482422,685.0914916992188,277926.0,20692.0,62913.0,2682.0,43350.0,122028.0
2021-05-03 11:27:00-04:00,132.30499267578125,3403.179931640625,322.80999755859375,2391.590087890625,251.97000122070312,684.8480224609375,132.3300018310547,3405.6298828125,322.95001220703125,2391.97998046875,252.0,685.6799926757812,132.17999267578125,3402.0,322.5299987792969,2390.14990234375,251.91000366210938,684.3450927734375,132.1999969482422,3404.43994140625,322.614990234375,2391.5,251.94500732421875,684.8800048828125,164368.0,36404.0,64487.0,11874.0,42744.0,100898.0
2021-05-03 11:28:00-04:00,132.3800048828125,3406.905029296875,322.6449890136719,2391.6201171875,252.1300048828125,685.3203125,132.38999938964844,3408.0,322.6449890136719,2391.6201171875,252.16000366210938,685.5374755859375,132.3000030517578,3402.3701171875,322.3599853515625,2390.530029296875,251.9550018310547,684.5001220703125,132.30499267578125,3402.3701171875,322.54998779296875,2390.530029296875,251.97000122070312,684.5001220703125,169286.0,25380.0,35569.0,1996.0,49411.0,58028.0
2021-05-03 11:29:00-04:00,132.30499267578125,3405.909912109375,322.4801025390625,2390.5,252.16549682617188,684.77001953125,132.37989807128906,3408.139892578125,322.6600036621094,2392.22998046875,252.17999267578125,685.3900146484375,132.27000427246094,3405.5,322.4801025390625,2390.489990234375,252.0449981689453,684.5,132.37109375,3408.030029296875,322.5892028808594,2391.360107421875,252.1300048828125,685.3298950195312,110655.0,17731.0,20160.0,2488.0,23800.0,70005.0
2021-05-03 11:30:00-04:00,132.29010009765625,3406.7900390625,322.42999267578125,2390.97998046875,252.02000427246094,684.510009765625,132.32000732421875,3407.280029296875,322.5350036621094,2390.97998046875,252.2299041748047,685.248779296875,132.25,3402.0,322.25201416015625,2390.31005859375,252.00999450683594,684.22998046875,132.3000030517578,3404.260009765625,322.3699951171875,2390.574951171875,252.1300048828125,684.5,80699.0,34072.0,45805.0,3272.0,29394.0,73446.0
2021-05-03 11:31:00-04:00,132.28500366210938,3406.875,322.7622985839844,2391.610107421875,252.0500030517578,685.6799926757812,132.3188934326172,3408.929931640625,322.7900085449219,2391.610107421875,252.15499877929688,685.9500122070312,132.25999450683594,3406.22021484375,322.3900146484375,2390.60009765625,252.0,684.219970703125,132.2899932861328,3406.6298828125,322.42999267578125,2390.989990234375,252.0050048828125,684.5,149716.0,11778.0,36545.0,2668.0,21810.0,76755.0
2021-05-03 11:32:00-04:00,132.42999267578125,3413.176513671875,322.9200134277344,2394.62451171875,252.13999938964844,687.2100219726562,132.4600067138672,3413.176513671875,322.989990234375,2395.280029296875,252.25,687.3198852539062,132.281005859375,3408.85498046875,322.67999267578125,2392.919921875,252.0399932861328,685.6599731445312,132.28990173339844,3408.989990234375,322.67999267578125,2392.919921875,252.0399932861328,685.7000122070312,199081.0,18995.0,47150.0,4144.0,38110.0,97757.0
2021-05-03 11:33:00-04:00,132.5189971923828,3414.340087890625,323.19000244140625,2396.56005859375,252.3800048828125,687.47998046875,132.52000427246094,3414.841552734375,323.19000244140625,2396.840087890625,252.38999938964844,687.5,132.41009521484375,3411.71630859375,322.9100036621094,2395.02490234375,252.11000061035156,686.6395263671875,132.4199981689453,3411.71630859375,322.9367980957031,2395.02490234375,252.11000061035156,687.1699829101562,187233.0,19989.0,31566.0,7079.0,57779.0,85572.0
2021-05-03 11:34:24-04:00,,,,2397.64990234375,,,,,,2397.64990234375,,,,,,2397.64990234375,,,,,,2397.64990234375,,,,,,0.0,,
2021-05-03 11:34:32-04:00,,3415.659912109375,,,,,,3415.659912109375,,,,,,3415.659912109375,,,,,,3415.659912109375,,,,,,0.0,,,,
2021-05-03 11:34:36-04:00,132.53109741210938,,323.3772888183594,,252.48989868164062,,132.53109741210938,,323.3772888183594,,252.48989868164062,,132.53109741210938,,323.3772888183594,,252.48989868164062,,132.53109741210938,,323.3772888183594,,252.48989868164062,,0.0,,0.0,,0.0,
2021-05-03 11:34:44-04:00,,,,,,687.9199829101562,,,,,,687.9199829101562,,,,,,687.9199829101562,,,,,,687.9199829101562,,,,,,0.0
